"","x"
"pari",922
"frn",791
"franc",524
"attacks",422
"french",330
"polic",100
"suspect",79
"france",78
"terror",78
"victim",66
"arrest",62
"nation",54
"prayforpari",48
"teacher",46
"holland",44
"man",44
"isi",43
"air",42
"presid",42
"peopl",41
"belgium",39
"bataclan",38
"kill",38
"trndnl",37
"vote",36
"raid",35
"state",35
"new",33
"wake",32
"farright",31
"front",31
"ban",30
"follow",30
"syria",29
"trend",29
"tribut",29
"week",29
"dead",28
"novemb",28
"photo",28
"elect",27
"pay",26
"stab",26
"say",25
"death",24
"link",24
"right",24
"secur",24
"servic",24
"victims",24
"author",23
"hold",23
"identifi",23
"far",22
"frenchu",22
"friday",22
"islam",22
"mastermind",22
"mourn",22
"afp",21
"huaweishot",21
"franceklm",20
"honor",20
"jesuispari",20
"memori",20
"russia",20
"minist",19
"poll",19
"seek",19
"two",19
"win",19
"francoi",18
"near",18
"wifi",18
"bono",17
"brouisisfak",17
"concert",17
"held",17
"topic",17
"abaaoud",16
"armi",16
"austria",16
"dog",16
"month",16
"offici",16
"region",16
"shut",16
"cop",15
"day",15
"mosqu",15
"said",15
"tor",15
"attacker",14
"latest",14
"men",14
"obama",14
"yearold",14
"abdelhamid",13
"economi",13
"httpstcoiqiqmqzol",13
"impact",13
"issu",13
"public",13
"puppi",13
"bomber",12
"franceu",12
"intellig",12
"interior",12
"investig",12
"live",12
"photograph",12
"prosecutor",12
"rememb",12
"ringlead",12
"suspects",12
"fan",11
"first",11
"hall",11
"hit",11
"know",11
"million",11
"plan",11
"psg",11
"suburb",11
"want",11
"amid",10
"ceremoni",10
"cet",10
"emerg",10
"extend",10
"huawei",10
"monday",10
"muslim",10
"probe",10
"replac",10
"suicid",10
"three",10
"away",9
"bar",9
"boost",9
"cafe",9
"call",9
"carri",9
"cite",9
"climat",9
"cnn",9
"continu",9
"die",9
"draw",9
"eiffeltow",9
"gather",9
"govern",9
"growth",9
"homag",9
"join",9
"just",9
"lead",9
"left",9
"milit",9
"paid",9
"parc",9
"perform",9
"prayforparisu",9
"princ",9
"push",9
"refuge",9
"reopen",9
"respons",9
"reuters",9
"round",9
"stand",9
"third",9
"top",9
"toureiffel",9
"travel",9
"turn",9
"twitter",9
"video",9
"will",9
"woman",9
"alert",8
"attacksu",8
"britain",8
"brussel",8
"claim",8
"cost",8
"deni",8
"des",8
"destroy",8
"eagl",8
"entri",8
"fear",8
"fight",8
"forc",8
"fou",8
"free",8
"meet",8
"nov",8
"offer",8
"open",8
"parisattack",8
"peopleu",8
"reel",8
"says",8
"set",8
"slow",8
"solemn",8
"sunday",8
"surg",8
"talk",8
"visit",8
"war",8
"warn",8
"weeksu",8
"aftermath",7
"airstrik",7
"attentat",7
"barack",7
"belgian",7
"believ",7
"bonn",7
"bourget",7
"consid",7
"flag",7
"foreign",7
"gain",7
"give",7
"hommag",7
"hostag",7
"hunt",7
"islamist",7
"law",7
"lost",7
"madonna",7
"memepaspeur",7
"mention",7
"metal",7
"minister",7
"name",7
"novembre",7
"offic",7
"place",7
"police",7
"possibl",7
"postpari",7
"remain",7
"report",7
"search",7
"see",7
"sinc",7
"stade",7
"strike",7
"support",7
"thisisthevot",7
"tuesday",7
"widen",7
"world",7
"abdeslam",6
"ahead",6
"antiterror",6
"assault",6
"bernard",6
"big",6
"bodies",6
"ceremony",6
"climatpaix",6
"close",6
"confirm",6
"connect",6
"diesel",6
"estim",6
"europ",6
"eye",6
"footbal",6
"franueoi",6
"geneva",6
"hamilton",6
"help",6
"high",6
"honour",6
"launch",6
"lbg",6
"music",6
"need",6
"northern",6
"note",6
"one",6
"outsid",6
"pictur",6
"popular",6
"preschool",6
"question",6
"raids",6
"releas",6
"rts",6
"russian",6
"school",6
"seen",6
"source",6
"stadium",6
"strasbourg",6
"syrian",6
"take",6
"telefoot",6
"tension",6
"took",6
"trackoftheday",6
"tweet",6
"ueroport",6
"write",6
"act",5
"amp",5
"arrested",5
"attend",5
"back",5
"begin",5
"california",5
"cameron",5
"capital",5
"changetheclim",5
"chief",5
"children",5
"citi",5
"compens",5
"crackdown",5
"dark",5
"dec",5
"detain",5
"duncanlovesphotographi",5
"earthcrisi",5
"elections",5
"elector",5
"emergency",5
"euros",5
"frenchman",5
"germani",5
"head",5
"home",5
"hour",5
"identified",5
"increas",5
"intensifi",5
"invok",5
"iraq",5
"kerri",5
"kindergarten",5
"leader",5
"major",5
"make",5
"mask",5
"member",5
"mohamedaggad",5
"mourning",5
"now",5
"number",5
"obeygi",5
"party",5
"pass",5
"policeu",5
"post",5
"propos",5
"publish",5
"record",5
"reject",5
"result",5
"return",5
"risk",5
"saintdeni",5
"share",5
"show",5
"soldier",5
"solidar",5
"song",5
"sourc",5
"stateu",5
"stop",5
"strip",5
"survivor",5
"taken",5
"terroru",5
"time",5
"tourism",5
"update",5
"use",5
"wear",5
"young",5
"alleg",4
"anonym",4
"anthrax",4
"appear",4
"architectur",4
"army",4
"attackers",4
"bamako",4
"bomb",4
"british",4
"busi",4
"cafue",4
"cazeneuv",4
"christma",4
"citizen",4
"come",4
"cult",4
"daesh",4
"danger",4
"euro",4
"evil",4
"expect",4
"extremist",4
"fabius",4
"face",4
"famili",4
"fate",4
"frontman",4
"frontu",4
"gigs",4
"got",4
"grow",4
"guard",4
"guid",4
"gun",4
"happen",4
"hashtag",4
"hollandeu",4
"hotel",4
"idd",4
"insaisiss",4
"internet",4
"last",4
"led",4
"lesuppl",4
"lie",4
"london",4
"look",4
"lose",4
"mark",4
"militari",4
"moscow",4
"nationalu",4
"notinmynam",4
"parti",4
"patrol",4
"pen",4
"play",4
"protest",4
"putin",4
"puzzl",4
"regionalu",4
"relat",4
"reveal",4
"revenu",4
"salah",4
"save",4
"send",4
"shepardfairey",4
"sign",4
"singer",4
"sit",4
"site",4
"situat",4
"speak",4
"supporter",4
"suspectedu",4
"thisismari",4
"thisisnottheendofonedirect",4
"threat",4
"thursday",4
"tour",4
"train",4
"twou",4
"uacm",4
"ufrench",4
"unit",4
"user",4
"voter",4
"wednesdayu",4
"west",4
"accept",3
"activ",3
"airlin",3
"android",3
"announc",3
"anti",3
"apart",3
"applic",3
"ask",3
"authoritiesu",3
"bier",3
"birmingham",3
"blackandwhit",3
"block",3
"bodi",3
"briana",3
"came",3
"campaign",3
"cancel",3
"candl",3
"carrier",3
"cast",3
"chang",3
"clash",3
"club",3
"coordin",3
"court",3
"cyprus",3
"daili",3
"david",3
"december",3
"declar",3
"demand",3
"describ",3
"despit",3
"document",3
"dure",3
"east",3
"eastern",3
"econom",3
"eiffel",3
"emergencyu",3
"enter",3
"even",3
"explos",3
"fallout",3
"final",3
"followingu",3
"forecast",3
"francesu",3
"gear",3
"gig",3
"good",3
"group",3
"gunman",3
"gunmen",3
"hope",3
"hours",3
"imag",3
"info",3
"inform",3
"instructor",3
"invalid",3
"iphon",3
"jihadist",3
"kit",3
"klm",3
"laurent",3
"lawmak",3
"level",3
"lightu",3
"like",3
"love",3
"lurch",3
"marin",3
"massacr",3
"match",3
"mayor",3
"migrant",3
"militantsu",3
"ministeru",3
"miss",3
"mom",3
"mps",3
"mull",3
"network",3
"nurseri",3
"obey",3
"office",3
"oper",3
"parisian",3
"parliament",3
"peac",3
"phone",3
"photographeru",3
"pledg",3
"plot",3
"polici",3
"polit",3
"power",3
"pray",3
"prayforpeac",3
"presidentu",3
"prime",3
"protect",3
"reach",3
"receiv",3
"recent",3
"respect",3
"rue",3
"safe",3
"saidu",3
"scene",3
"sector",3
"security",3
"securityu",3
"seri",3
"shift",3
"shock",3
"shot",3
"societypuppet",3
"songu",3
"special",3
"spotlight",3
"stabbing",3
"start",3
"subdu",3
"suggest",3
"syriabound",3
"syriavot",3
"talks",3
"team",3
"tell",3
"text",3
"today",3
"topapp",3
"track",3
"trenddrivensocieti",3
"trendinghashtag",3
"trendingprofil",3
"tri",3
"tributeu",3
"trust",3
"tweets",3
"unidentifi",3
"unknown",3
"visita",3
"web",3
"wednesday",3
"welcom",3
"wheel",3
"window",3
"written",3
"youth",3
"aberdeen",2
"abuja",2
"academ",2
"acceptedu",2
"acci",2
"account",2
"address",2
"admit",2
"adopt",2
"affect",2
"aggad",2
"ago",2
"aid",2
"airbas",2
"aircraft",2
"airstrikes",2
"algerian",2
"although",2
"american",2
"ammunit",2
"antiisi",2
"aptopix",2
"archiv",2
"area",2
"arrestedu",2
"art",2
"assail",2
"award",2
"band",2
"bank",2
"base",2
"becom",2
"belt",2
"bernardu",2
"best",2
"bid",2
"biere",2
"blew",2
"blue",2
"bnw",2
"book",2
"border",2
"bought",2
"boycott",2
"break",2
"breakthrough",2
"brother",2
"brows",2
"brussels",2
"buri",2
"carlastyles",2
"carnage",2
"castingu",2
"celin",2
"center",2
"challenges",2
"chemic",2
"chill",2
"church",2
"client",2
"coalition",2
"commemor",2
"concertu",2
"conduct",2
"courtyard",2
"coverag",2
"crisi",2
"crisis",2
"data",2
"dawnu",2
"deathu",2
"declin",2
"defianc",2
"deliv",2
"denis",2
"deton",2
"deu",2
"devast",2
"dion",2
"discuss",2
"display",2
"district",2
"divid",2
"drink",2
"drop",2
"duti",2
"earli",2
"earlyu",2
"easyjet",2
"economyu",2
"effect",2
"effort",2
"encrypt",2
"enrol",2
"europes",2
"eurozon",2
"event",2
"everyth",2
"extens",2
"fanat",2
"fast",2
"father",2
"figur",2
"file",2
"financ",2
"firstu",2
"fled",2
"flight",2
"flower",2
"floweru",2
"fresh",2
"fridayu",2
"friend",2
"fugit",2
"fund",2
"gave",2
"general",2
"german",2
"gift",2
"global",2
"government",2
"grey",2
"hail",2
"hallu",2
"hamiltonu",2
"hard",2
"hartford",2
"hero",2
"holiday",2
"hollande",2
"hood",2
"httpstcoblsfrunciy",2
"httpstcobucvzh",2
"httpstcodqquqtn",2
"httpstcogcdakxzh",2
"httpstcoibetwvk",2
"httpstcoiitgfsdus",2
"httpstcoqxahcihnt",2
"httpstcouqvecxo",2
"httpstcovybbk",2
"httpstcoyluekd",2
"huftel",2
"huge",2
"impromptu",2
"improveu",2
"indentifi",2
"industri",2
"insid",2
"inspir",2
"invent",2
"involv",2
"iprayforpari",2
"italian",2
"januari",2
"jean",2
"john",2
"journalist",2
"judici",2
"justic",2
"key",2
"keyu",2
"killed",2
"ladefens",2
"lamb",2
"later",2
"les",2
"less",2
"leu",2
"lille",2
"list",2
"liveinpari",2
"maddyrweu",2
"mail",2
"malcolm",2
"mali",2
"mani",2
"manu",2
"manuel",2
"marksu",2
"masarura",2
"massacre",2
"massiv",2
"mean",2
"media",2
"memorial",2
"middecemb",2
"middecember",2
"midland",2
"migrants",2
"minut",2
"moham",2
"molenbeek",2
"morn",2
"morning",2
"moroccan",2
"mosque",2
"mosques",2
"mourner",2
"move",2
"multipl",2
"necessari",2
"news",2
"newu",2
"nicola",2
"nigeria",2
"nightmare",2
"novemberu",2
"nurs",2
"nurseryu",2
"nyt",2
"occur",2
"oliv",2
"oppari",2
"opportun",2
"organis",2
"paint",2
"partyu",2
"paul",2
"pierr",2
"placeu",2
"pogba",2
"pose",2
"prayforeveryon",2
"prayforsyria",2
"president",2
"prevent",2
"promis",2
"pull",2
"radic",2
"raf",2
"railway",2
"rais",2
"rate",2
"react",2
"read",2
"redu",2
"reduc",2
"regionu",2
"reopens",2
"rescu",2
"restrict",2
"revenue",2
"revisit",2
"ringleader",2
"robust",2
"russiau",2
"saintdenis",2
"sarkozi",2
"saturdayu",2
"saw",2
"sawu",2
"seeka",2
"senior",2
"sever",2
"shake",2
"shine",2
"shop",2
"shoulder",2
"signal",2
"silenc",2
"ski",2
"slight",2
"sofitel",2
"sofitelparisfbg",2
"solemnu",2
"solesin",2
"spark",2
"spread",2
"stachouchou",2
"stage",2
"step",2
"stereophon",2
"story",2
"stretcher",2
"stretchers",2
"strong",2
"suffer",2
"surviv",2
"symbol",2
"target",2
"terrac",2
"terrorizedu",2
"thank",2
"theatr",2
"thing",2
"thousand",2
"threeu",2
"thursdayu",2
"timbault",2
"titleu",2
"totch",2
"touch",2
"tough",2
"tower",2
"town",2
"tpmpofficiel",2
"tricolor",2
"tripl",2
"troop",2
"turkey",2
"turkish",2
"ucth",2
"unifi",2
"unsur",2
"updates",2
"urg",2
"uufef",2
"vall",2
"victimsu",2
"victori",2
"victorian",2
"vienna",2
"voteu",2
"vow",2
"wait",2
"wantu",2
"warm",2
"warning",2
"water",2
"way",2
"whether",2
"white",2
"wine",2
"women",2
"work",2
"year",2
"yell",2
"yelledu",2
"abaaoudu",1
"abort",1
"abrimi",1
"access",1
"accompaniesu",1
"accord",1
"accus",1
"accusedu",1
"across",1
"actingu",1
"activist",1
"actual",1
"actupu",1
"addressingu",1
"administrativeu",1
"afraid",1
"agenc",1
"agnesu",1
"agre",1
"airbnb",1
"airbus",1
"alarm",1
"aliv",1
"allegi",1
"alli",1
"allow",1
"almahmod",1
"almostu",1
"alongsid",1
"aloud",1
"already",1
"ambassador",1
"amnesti",1
"amyu",1
"anitterror",1
"ann",1
"anteat",1
"antiimmigrantu",1
"antimigr",1
"anywhere",1
"appeal",1
"approach",1
"aptnu",1
"architect",1
"archivist",1
"arm",1
"armyu",1
"arriv",1
"artcop",1
"artderueu",1
"artisan",1
"artistu",1
"arturbain",1
"assad",1
"assailant",1
"assaults",1
"associationu",1
"astonishing",1
"atmospher",1
"atrocities",1
"attackedu",1
"attackersu",1
"attitud",1
"audrey",1
"aureli",1
"australian",1
"avert",1
"awayu",1
"backing",1
"bag",1
"bakeri",1
"bandu",1
"barney",1
"barneyu",1
"bassist",1
"bbc",1
"beat",1
"becomeu",1
"beef",1
"began",1
"begins",1
"behaviour",1
"behind",1
"beleagu",1
"belgiumu",1
"bello",1
"bend",1
"benghalem",1
"biereu",1
"biggest",1
"biker",1
"billboard",1
"billion",1
"bily",1
"bin",1
"biuere",1
"black",1
"blame",1
"blasts",1
"blight",1
"blog",1
"bloodi",1
"blow",1
"boag",1
"boast",1
"bobigny",1
"bon",1
"booksel",1
"boot",1
"bordeaux",1
"borders",1
"breaking",1
"bri",1
"bringbackourgirls",1
"briton",1
"browser",1
"brusselspari",1
"budget",1
"build",1
"bullets",1
"buse",1
"business",1
"businesses",1
"buy",1
"bva",1
"cal",1
"calai",1
"calaisu",1
"camerau",1
"canada",1
"candid",1
"candlelit",1
"candles",1
"capit",1
"capitalu",1
"car",1
"carriedu",1
"caus",1
"cave",1
"cazeneuveu",1
"cell",1
"centeru",1
"central",1
"centre",1
"centreright",1
"change",1
"changeclim",1
"changeclimat",1
"changementclimatiqueu",1
"charli",1
"chat",1
"chef",1
"chiefu",1
"childhood",1
"chime",1
"chris",1
"city",1
"civil",1
"civilu",1
"classroom",1
"coalit",1
"coast",1
"coffe",1
"coffin",1
"coffinsu",1
"cold",1
"color",1
"colour",1
"combat",1
"comeback",1
"command",1
"commemoration",1
"communiti",1
"complain",1
"complet",1
"compromis",1
"concentr",1
"concord",1
"condemn",1
"conductedu",1
"conference",1
"confidence",1
"connected",1
"connotations",1
"considerationu",1
"constitution",1
"consul",1
"consult",1
"contact",1
"continua",1
"continues",1
"contrast",1
"contro",1
"control",1
"conundrum",1
"cool",1
"cooperation",1
"cope",1
"copfr",1
"cops",1
"copu",1
"corbyn",1
"cornel",1
"cornwallisu",1
"counter",1
"counterterror",1
"counterterrorismu",1
"countri",1
"country",1
"cousin",1
"cpr",1
"crack",1
"crash",1
"crawl",1
"critic",1
"curb",1
"current",1
"custodi",1
"custody",1
"custom",1
"cuz",1
"dad",1
"darker",1
"darkness",1
"davidu",1
"deadliestu",1
"deadlyu",1
"debat",1
"debray",1
"deceased",1
"decherf",1
"decid",1
"decis",1
"dedic",1
"deep",1
"deeper",1
"defeat",1
"defenc",1
"defens",1
"defi",1
"deficit",1
"defin",1
"degenhardt",1
"demonstr",1
"depart",1
"departur",1
"depth",1
"desecr",1
"desmotsbleus",1
"destin",1
"destinationsu",1
"detail",1
"detaine",1
"detent",1
"detour",1
"develop",1
"developmentsu",1
"diari",1
"diedu",1
"dilemma",1
"dimanch",1
"dine",1
"dip",1
"diplomaci",1
"diplomaticu",1
"disastr",1
"discreetly",1
"dismantleu",1
"dissent",1
"distraught",1
"dobrynya",1
"doe",1
"donat",1
"doubl",1
"download",1
"dozen",1
"draft",1
"draftedu",1
"drag",1
"dragnet",1
"drape",1
"drawn",1
"drinker",1
"drivenu",1
"drum",1
"druze",1
"dude",1
"duncanlovestravelu",1
"eager",1
"earlier",1
"economy",1
"edg",1
"editor",1
"effeil",1
"eifel",1
"elder",1
"elit",1
"elud",1
"elyse",1
"email",1
"embattl",1
"emot",1
"emotionalu",1
"end",1
"endur",1
"enforc",1
"england",1
"enteringu",1
"environmentalu",1
"erad",1
"escal",1
"esplanad",1
"estac",1
"ethnic",1
"etienn",1
"europa",1
"european",1
"evacu",1
"everdugo",1
"everyon",1
"exagger",1
"exceed",1
"expand",1
"expat",1
"experienc",1
"explain",1
"exploit",1
"exploitedu",1
"extremism",1
"facil",1
"fact",1
"fail",1
"failur",1
"fairi",1
"faisalu",1
"fals",1
"familiar",1
"families",1
"fanaticsu",1
"fans",1
"farrightu",1
"faubourg",1
"fault",1
"fbi",1
"feast",1
"feder",1
"feel",1
"fell",1
"felt",1
"ferri",1
"fieri",1
"fifth",1
"fighter",1
"film",1
"financi",1
"findingsu",1
"finds",1
"firefight",1
"fireman",1
"firework",1
"fix",1
"flagsu",1
"flaw",1
"floodlit",1
"flowers",1
"fluctuatnecmergitur",1
"fnu",1
"focus",1
"fontaine",1
"forbid",1
"formeru",1
"found",1
"fountain",1
"fourth",1
"fox",1
"frames",1
"framesu",1
"framework",1
"franceklmu",1
"francepress",1
"franceusing",1
"franceuth",1
"franceuther",1
"franceuthre",1
"francodutch",1
"francois",1
"francoisu",1
"frank",1
"franku",1
"freedom",1
"frenchdraft",1
"frenchdutch",1
"friendsu",1
"frigat",1
"frufm",1
"fugitive",1
"furi",1
"galvan",1
"gap",1
"gdp",1
"gerald",1
"gestur",1
"giftedu",1
"glove",1
"goal",1
"god",1
"godu",1
"goe",1
"gonna",1
"goodluck",1
"googl",1
"grand",1
"grandearch",1
"gratitud",1
"greece",1
"greenway",1
"greetsu",1
"griev",1
"grill",1
"groceryu",1
"ground",1
"guest",1
"guestu",1
"guillaum",1
"guitarist",1
"guitaristu",1
"guns",1
"guyz",1
"hailu",1
"han",1
"hand",1
"handedu",1
"handout",1
"hangu",1
"happened",1
"harbor",1
"hardleft",1
"harm",1
"hasnau",1
"hatch",1
"heart",1
"hebdo",1
"height",1
"hemingway",1
"hidalgo",1
"hideout",1
"highprofil",1
"histori",1
"history",1
"hoax",1
"holdingu",1
"hollandesu",1
"homage",1
"homeland",1
"honoru",1
"honouru",1
"horanoutang",1
"horrif",1
"horrificu",1
"hospit",1
"host",1
"hostages",1
"hostil",1
"however",1
"httpstcoaagstpexr",1
"httpstcoaalsxqexsw",1
"httpstcoaaosyxwnxu",1
"httpstcoaatdcvpcjg",1
"httpstcoabhhrqngj",1
"httpstcoabkvtvzum",1
"httpstcoablqunifp",1
"httpstcoaejwzf",1
"httpstcoafxlianc",1
"httpstcoagabpmoubg",1
"httpstcoahexhi",1
"httpstcoahhos",1
"httpstcoaiyfqnlwa",1
"httpstcoakrogklqz",1
"httpstcoamcjntslbi",1
"httpstcoamcvmmdrn",1
"httpstcoaobwvss",1
"httpstcoaokiqcohq",1
"httpstcoaomjpbeu",1
"httpstcoaqdtuisdw",1
"httpstcoaqyriuiy",1
"httpstcoarohqlv",1
"httpstcoasbvxrsay",1
"httpstcoatzgfhofjw",1
"httpstcoavhodxtt",1
"httpstcoavuvqvpz",1
"httpstcoawkblyecu",1
"httpstcoaxhwyhzj",1
"httpstcoaxmgdvjw",1
"httpstcobabbjtemg",1
"httpstcobawzlrqa",1
"httpstcobctejbhhx",1
"httpstcobdehaobxk",1
"httpstcobdoobsxl",1
"httpstcobekguwvj",1
"httpstcobesmbjwrd",1
"httpstcobevyyirbk",1
"httpstcobhbpemdswd",1
"httpstcobincthab",1
"httpstcobjvjxwbwq",1
"httpstcobkhyunrvw",1
"httpstcobkihdquuf",1
"httpstcobmbhyyjcqh",1
"httpstcobmhbmjko",1
"httpstcobnzvzrctu",1
"httpstcobodtgofzr",1
"httpstcobotyowqoy",1
"httpstcobqiokek",1
"httpstcobqmtaiuyz",1
"httpstcobqzeyhsjxg",1
"httpstcobqzqinnkm",1
"httpstcobsaoked",1
"httpstcobspmqhet",1
"httpstcobtliborin",1
"httpstcobuizwlen",1
"httpstcobuqwoiytc",1
"httpstcobuwwxcql",1
"httpstcobvbsjyvfo",1
"httpstcobvcoxmvje",1
"httpstcobvmidlxr",1
"httpstcobwksrjel",1
"httpstcobwsbmm",1
"httpstcobxqrhlwj",1
"httpstcobyrxbaopah",1
"httpstcocancz",1
"httpstcocaselrysk",1
"httpstcocblgwzma",1
"httpstcocdentpl",1
"httpstcocdskgftxb",1
"httpstcocdynvtiyd",1
"httpstcocfnyslblh",1
"httpstcocfwzkelr",1
"httpstcocgsjnvvoo",1
"httpstcochxbsbk",1
"httpstcocikyuexvr",1
"httpstcocjbluhyf",1
"httpstcockcxywab",1
"httpstcockkykzd",1
"httpstcockryyon",1
"httpstcoclcuok",1
"httpstcocltfxnub",1
"httpstcoclulfxnof",1
"httpstcocnasillpbw",1
"httpstcocnpyohof",1
"httpstcocnxuzvxpwa",1
"httpstcocowyqyana",1
"httpstcocpddein",1
"httpstcocqzddnheq",1
"httpstcocrfxbqzqp",1
"httpstcocrtcqlh",1
"httpstcocsddjogdz",1
"httpstcocsdrgqbujc",1
"httpstcoctoltzohv",1
"httpstcocugdhalki",1
"httpstcocuylntv",1
"httpstcocvaiodmi",1
"httpstcocvxkxqknx",1
"httpstcocwhkcjzgg",1
"httpstcocwntfiumdl",1
"httpstcocxszyqaywu",1
"httpstcocxzsbpzq",1
"httpstcocydnbhyju",1
"httpstcodaznfcqwuw",1
"httpstcodcbnmghqg",1
"httpstcodcifcom",1
"httpstcodddkvluni",1
"httpstcoddotduljt",1
"httpstcoddzozkr",1
"httpstcodgemasahz",1
"httpstcodginqwjq",1
"httpstcodhbnrlkxnk",1
"httpstcodhctyrj",1
"httpstcodhexhrqtq",1
"httpstcodicgvgsg",1
"httpstcodjvadkcgbn",1
"httpstcodjykijst",1
"httpstcodlhrxbsdch",1
"httpstcodlqrhfuq",1
"httpstcodmgygynfz",1
"httpstcodobebjet",1
"httpstcodpjctekyn",1
"httpstcodplpmxax",1
"httpstcodpvvhtdski",1
"httpstcodqppaxnvj",1
"httpstcodqrealn",1
"httpstcodsbfswlk",1
"httpstcodteuuna",1
"httpstcodtmxlit",1
"httpstcodutjvtcvf",1
"httpstcoduxyctsrm",1
"httpstcodvgphhzyml",1
"httpstcodwwxqewnjv",1
"httpstcodwyaazu",1
"httpstcodyseeqmg",1
"httpstcoeaabzbilb",1
"httpstcoeabvenvll",1
"httpstcoedepzdok",1
"httpstcoedsysg",1
"httpstcoedvknngr",1
"httpstcoegmbvix",1
"httpstcoehdddqvpth",1
"httpstcoehyiorvlj",1
"httpstcoeifmvpu",1
"httpstcoeivbyajyb",1
"httpstcoejbbsxrkr",1
"httpstcoejbeahunnk",1
"httpstcoejnaejwl",1
"httpstcoekdhvbogu",1
"httpstcoelbexdm",1
"httpstcoelyygfeji",1
"httpstcoemkbrfmo",1
"httpstcoenhvsfaufi",1
"httpstcoeoaecg",1
"httpstcoeocflksvlj",1
"httpstcoeoppfaglj",1
"httpstcoepvevpari",1
"httpstcoeqefpoxgi",1
"httpstcoesolxehr",1
"httpstcoetszxuvv",1
"httpstcoetucjzlv",1
"httpstcoeudvvjh",1
"httpstcoeulvnqoth",1
"httpstcoeurarrl",1
"httpstcoevbbxp",1
"httpstcoevsiigtizd",1
"httpstcoezklfmsxo",1
"httpstcofawg",1
"httpstcofcumotbfvx",1
"httpstcofeigv",1
"httpstcofepbsqnsl",1
"httpstcoffuxtqie",1
"httpstcofgxsceme",1
"httpstcofhsfogagk",1
"httpstcofjimbgdiy",1
"httpstcofjvjhiweii",1
"httpstcofjwezfdzvp",1
"httpstcofkiqsnnhya",1
"httpstcofnbqsiqsa",1
"httpstcofnlbzzey",1
"httpstcofoairqmlq",1
"httpstcofofgaptk",1
"httpstcofpcmhslkjl",1
"httpstcofpsbuli",1
"httpstcofpwwvqz",1
"httpstcofsbldx",1
"httpstcofsdmrudr",1
"httpstcofsjquxb",1
"httpstcofsxawyfj",1
"httpstcofszqpihcev",1
"httpstcoftelanfj",1
"httpstcofuluqzsevj",1
"httpstcofuokhoffr",1
"httpstcofuqxgcwi",1
"httpstcofwkvhnuc",1
"httpstcofxitcbbx",1
"httpstcofzayhfqg",1
"httpstcofzmaxryk",1
"httpstcofztpmpzlf",1
"httpstcofztxhzan",1
"httpstcogbjscxh",1
"httpstcogbkmfxz",1
"httpstcogdbjwr",1
"httpstcogdjgukdgf",1
"httpstcogemxbamlc",1
"httpstcogfebkaanhb",1
"httpstcoggprwghia",1
"httpstcoggvevzafkn",1
"httpstcoghino",1
"httpstcogicijhevg",1
"httpstcoginlloyj",1
"httpstcogivkzdd",1
"httpstcogjieagtk",1
"httpstcogmlujiih",1
"httpstcogmxsaufah",1
"httpstcognpnmxvdc",1
"httpstcogpyngxdrc",1
"httpstcogqrymzx",1
"httpstcogrlwghsft",1
"httpstcogtdpfpol",1
"httpstcoguaqjuxsx",1
"httpstcoguvmvyqap",1
"httpstcogvbigna",1
"httpstcogxgqr",1
"httpstcogyezzazlul",1
"httpstcogykciyir",1
"httpstcogzbybarlvb",1
"httpstcohauwhvrwn",1
"httpstcohazzaquc",1
"httpstcohbjhiinl",1
"httpstcohbkzqwxeq",1
"httpstcohccriemv",1
"httpstcohcwrhznl",1
"httpstcohdyyjqtxh",1
"httpstcohenqvcw",1
"httpstcohfkewj",1
"httpstcohhifogxjq",1
"httpstcohhlelgkyfn",1
"httpstcohintgxbdi",1
"httpstcohjmnnsaf",1
"httpstcohjnxwhypo",1
"httpstcohkeyfrk",1
"httpstcohlnlbxo",1
"httpstcohmwkrkvi",1
"httpstcohmzfkufndw",1
"httpstcohnzzdrbwa",1
"httpstcohpelzdhnp",1
"httpstcohpyacyfzj",1
"httpstcohqjsyix",1
"httpstcohqtacykhx",1
"httpstcohrqjfzwrm",1
"httpstcohryukkz",1
"httpstcohtgsuckt",1
"httpstcohucndotjj",1
"httpstcohucnf",1
"httpstcohuznokevv",1
"httpstcohvfekpwex",1
"httpstcohvragdexu",1
"httpstcohxhrjgmdz",1
"httpstcohxhyvnuy",1
"httpstcohzlcpajrl",1
"httpstcohztauzbzv",1
"httpstcoiavzm",1
"httpstcoibcyyttol",1
"httpstcoibdmgyvl",1
"httpstcoicnoqakwg",1
"httpstcoicuuzfbfi",1
"httpstcoicxgfdoow",1
"httpstcoietepapcaa",1
"httpstcoiezenmfyh",1
"httpstcoifnncwasw",1
"httpstcoifxqpllya",1
"httpstcoigfngjzszi",1
"httpstcoigjdmpbs",1
"httpstcoigzstyqzj",1
"httpstcoiiczdyyb",1
"httpstcoijnhbiyp",1
"httpstcoijqrqoa",1
"httpstcoijsododsa",1
"httpstcoikokkhek",1
"httpstcoikwzlfjljq",1
"httpstcoinosrtlrv",1
"httpstcoinyqslku",1
"httpstcoiotbbpyo",1
"httpstcoioyvuf",1
"httpstcoipkhbgpw",1
"httpstcoipkuyiyr",1
"httpstcoiqmqjzwf",1
"httpstcoiqmtounn",1
"httpstcoiszltynzng",1
"httpstcoitbzqpdi",1
"httpstcoiupofqxq",1
"httpstcoiurfqgdhq",1
"httpstcoivdonry",1
"httpstcoiwmowwrfw",1
"httpstcoiwxjzpsymc",1
"httpstcoixlehmwi",1
"httpstcoixuhrgvh",1
"httpstcoiydkql",1
"httpstcoiylzlam",1
"httpstcoizunelqn",1
"httpstcoizztvkl",1
"httpstcojaamhbhrit",1
"httpstcojabzujcdj",1
"httpstcojaclhguyv",1
"httpstcojbhtplpyh",1
"httpstcojdlnjszz",1
"httpstcojfonmphkd",1
"httpstcojfrgpmec",1
"httpstcojgelpjfgg",1
"httpstcojgnelddhsa",1
"httpstcojguszfq",1
"httpstcojhimbh",1
"httpstcojhvsrlpt",1
"httpstcojiqzkqaln",1
"httpstcojlhlaiy",1
"httpstcojlvhfbpq",1
"httpstcojnkfnqmbk",1
"httpstcojnzbcp",1
"httpstcojozfunhk",1
"httpstcojpmmani",1
"httpstcojprikppl",1
"httpstcojpupfbfz",1
"httpstcojpuxynzei",1
"httpstcojqtcjyjf",1
"httpstcojqyewbb",1
"httpstcojruojm",1
"httpstcojtdttbddi",1
"httpstcojvpqsw",1
"httpstcojwfwmali",1
"httpstcojwrdrotdj",1
"httpstcojzsnerszqw",1
"httpstcokahcagr",1
"httpstcokdfuibxdpw",1
"httpstcokeaztspjx",1
"httpstcokedspyj",1
"httpstcokfrxwwhx",1
"httpstcokgklfolz",1
"httpstcokglxjocg",1
"httpstcokhydllm",1
"httpstcokjidfptx",1
"httpstcokjiyhzgzw",1
"httpstcokjwpjaqr",1
"httpstcokjxhbbxh",1
"httpstcoklcnvebnu",1
"httpstcoknqodzgma",1
"httpstcokoitdosth",1
"httpstcokovrksm",1
"httpstcokpmbmz",1
"httpstcokqszjkjrid",1
"httpstcokrczpswn",1
"httpstcokrlecdvpv",1
"httpstcokstxexa",1
"httpstcoktlrojjru",1
"httpstcoktzgypw",1
"httpstcokuokymfni",1
"httpstcokvebhcx",1
"httpstcokxgojqwt",1
"httpstcokyburzqc",1
"httpstcokyhpeevd",1
"httpstcokyifjhqz",1
"httpstcolaculzct",1
"httpstcolbspkzk",1
"httpstcoleufahzh",1
"httpstcolffnfblk",1
"httpstcolfnguail",1
"httpstcolgfcbvgbkl",1
"httpstcolgtznkgt",1
"httpstcolimtl",1
"httpstcolirixito",1
"httpstcolizfnwn",1
"httpstcolkpfghewta",1
"httpstcolmwrfq",1
"httpstcolmzkzjsbcl",1
"httpstcolnpqmgqxnn",1
"httpstcolnydydlvo",1
"httpstcologdutv",1
"httpstcolojturgij",1
"httpstcolorhqgbfz",1
"httpstcolqbsachz",1
"httpstcolrcabkgikg",1
"httpstcolrcsjmkn",1
"httpstcolrolrwamn",1
"httpstcolsrkcvcbz",1
"httpstcoltfwqfexc",1
"httpstcoltwemcfn",1
"httpstcoltxntitod",1
"httpstcolutkjtrnz",1
"httpstcolwhgfpjat",1
"httpstcolwhtqqsh",1
"httpstcolxfzluwj",1
"httpstcolyjegdskp",1
"httpstcolzviqwsqi",1
"httpstcomaebhuvx",1
"httpstcomaojunrwi",1
"httpstcomaqagsqhf",1
"httpstcomaqbrtfdav",1
"httpstcomawkqht",1
"httpstcomcbxssvx",1
"httpstcomcmglbik",1
"httpstcomdpybmxupz",1
"httpstcomfchsjx",1
"httpstcomfdtkgnfn",1
"httpstcomgnqlskium",1
"httpstcomhjnlftd",1
"httpstcomjqnnbcq",1
"httpstcomjxxbnpg",1
"httpstcomkdzxuzgqn",1
"httpstcomkwfnwfwx",1
"httpstcomkypmsjc",1
"httpstcommjzhuu",1
"httpstcomnyaakkdx",1
"httpstcomocsqljj",1
"httpstcompzbmha",1
"httpstcomqpzcxlcay",1
"httpstcomrdablcxzc",1
"httpstcomsepbwoey",1
"httpstcomtmzhwq",1
"httpstcomxjrrxdo",1
"httpstcomxwhgjemz",1
"httpstcomzgburaxkc",1
"httpstcomzttnwb",1
"httpstcomzwmnor",1
"httpstconagacygtxf",1
"httpstconaixvwwk",1
"httpstconbvwdtppk",1
"httpstconcdkviyr",1
"httpstconctmojp",1
"httpstcondidmq",1
"httpstcondiwwczozw",1
"httpstcondpznajvv",1
"httpstcondxkvelnb",1
"httpstcondzflnfl",1
"httpstconehitmrbs",1
"httpstconfsgcpmwz",1
"httpstconhhrda",1
"httpstconhobsbr",1
"httpstconhqqqkia",1
"httpstconivveffo",1
"httpstconjzjzaglc",1
"httpstconkiquhlbxb",1
"httpstconkwpahe",1
"httpstconnfpn",1
"httpstconnkxkvfk",1
"httpstconosnfolch",1
"httpstconpsiepwqq",1
"httpstconquscxdrfi",1
"httpstconshyokcb",1
"httpstconsrwmmbfg",1
"httpstconttdpikjw",1
"httpstconusdrkr",1
"httpstconuxuyumw",1
"httpstconvdctuey",1
"httpstconvyidqf",1
"httpstconxduzlvt",1
"httpstconxlpemxdp",1
"httpstconxpxmeqegc",1
"httpstconzkvykjanv",1
"httpstcooaelfct",1
"httpstcoobpurwko",1
"httpstcoodeblnmuh",1
"httpstcoodkhtrfihk",1
"httpstcooelfhpjrm",1
"httpstcoofblpdjwu",1
"httpstcoofjpqff",1
"httpstcoogwtouwxox",1
"httpstcoohsmhxglil",1
"httpstcooiejedca",1
"httpstcoojgpcwoai",1
"httpstcookgdkm",1
"httpstcoolyexxpkf",1
"httpstcoomhqvazh",1
"httpstcoonilcethf",1
"httpstcoonknkmm",1
"httpstcooowttqa",1
"httpstcoopffigqoo",1
"httpstcoorqftwypdg",1
"httpstcoosfjprdh",1
"httpstcootzrhtct",1
"httpstcooxfvmk",1
"httpstcoozfqvcovl",1
"httpstcopelnzkl",1
"httpstcopemciwrta",1
"httpstcopeoczxtr",1
"httpstcopetopkmg",1
"httpstcopewvhagpi",1
"httpstcopezibwffc",1
"httpstcopfeqbivzx",1
"httpstcopfkvy",1
"httpstcophmwmtcdp",1
"httpstcophysejlc",1
"httpstcopjjurkqt",1
"httpstcopjmezryec",1
"httpstcopjztiiw",1
"httpstcopkagjfuel",1
"httpstcopkfdalqj",1
"httpstcopkzglxuif",1
"httpstcoplhpxmak",1
"httpstcopndlnuxej",1
"httpstcopnotdiqef",1
"httpstcopoejimtyf",1
"httpstcoppekkkui",1
"httpstcoppnepfll",1
"httpstcopqjsjpjhhu",1
"httpstcopqlchxu",1
"httpstcopqpgsrpb",1
"httpstcoprxtwiagwu",1
"httpstcopsgwqrjjb",1
"httpstcopsybuzi",1
"httpstcopuowcver",1
"httpstcopuxpqnvzp",1
"httpstcopwegfhyh",1
"httpstcopxwwkr",1
"httpstcopyjvckjlc",1
"httpstcopykxsbix",1
"httpstcopypbdmlzx",1
"httpstcopzekogb",1
"httpstcopzjdrwnum",1
"httpstcoqbcocmk",1
"httpstcoqbxywwd",1
"httpstcoqbyefqaun",1
"httpstcoqcdlxol",1
"httpstcoqdhozxjtpq",1
"httpstcoqelgjmfw",1
"httpstcoqgjtlnnm",1
"httpstcoqhkqzswxqf",1
"httpstcoqhocob",1
"httpstcoqhqvnjzc",1
"httpstcoqigdjjch",1
"httpstcoqkiwadd",1
"httpstcoqkjjmcjcfh",1
"httpstcoqkrexieeni",1
"httpstcoqlfcba",1
"httpstcoqmdllreo",1
"httpstcoqmpqira",1
"httpstcoqmunmegus",1
"httpstcoqnjqljbm",1
"httpstcoqnyoopcktu",1
"httpstcoqohkmxo",1
"httpstcoqrrhvwra",1
"httpstcoqscjvlcygz",1
"httpstcoqssbuleq",1
"httpstcoqstwrtqr",1
"httpstcoqsxqwqtqi",1
"httpstcoqthczucg",1
"httpstcoqtrcwwsovz",1
"httpstcoqtxkljpxp",1
"httpstcoqudazwz",1
"httpstcoquiqpqvro",1
"httpstcoquuoqhhfmb",1
"httpstcoqxhgtpvzgw",1
"httpstcoqxnnclsxpr",1
"httpstcoqygivywd",1
"httpstcoqyjlwhmxth",1
"httpstcoqznckhbzt",1
"httpstcoqzuhpp",1
"httpstcorahnoomw",1
"httpstcorakdsoeq",1
"httpstcorbydvasxz",1
"httpstcorcfkuttkx",1
"httpstcorecctbyg",1
"httpstcorejtcvstm",1
"httpstcoreopujfzu",1
"httpstcoreubewgjw",1
"httpstcorfdccmwvb",1
"httpstcorinnfdmsi",1
"httpstcorjcigkewg",1
"httpstcorjlmwcypko",1
"httpstcorlklfkwc",1
"httpstcorlquibntt",1
"httpstcormaydnun",1
"httpstcornkulvasr",1
"httpstcorplejwbaoq",1
"httpstcorpmhpbqwd",1
"httpstcorpntejox",1
"httpstcorrwek",1
"httpstcorvomlb",1
"httpstcorwyotxrtnc",1
"httpstcorxslkpvbr",1
"httpstcorybxlqukg",1
"httpstcorzaevui",1
"httpstcorzgitohjxg",1
"httpstcosacvrtfmt",1
"httpstcosapdiqyr",1
"httpstcosbebxv",1
"httpstcoscfxma",1
"httpstcoscrimzeahl",1
"httpstcosdinwfe",1
"httpstcosdinwfvawg",1
"httpstcosdpcwv",1
"httpstcosejfkqx",1
"httpstcosetjkvofji",1
"httpstcosgcovdui",1
"httpstcosgvvhcson",1
"httpstcoshvqiibz",1
"httpstcosidxxyyro",1
"httpstcosisvbfkx",1
"httpstcosjawpjiqu",1
"httpstcosjfegxalnf",1
"httpstcosjiqwhhth",1
"httpstcoskhnknsw",1
"httpstcoskmnpdaor",1
"httpstcoskryetoxkg",1
"httpstcoskunbibd",1
"httpstcoskvuzrzmuo",1
"httpstcoslqyxgff",1
"httpstcosmeqivg",1
"httpstcosmvhpqi",1
"httpstcosmzmz",1
"httpstcosnbmmmykz",1
"httpstcosozwo",1
"httpstcosrisepy",1
"httpstcosrkwtxxojk",1
"httpstcossifybf",1
"httpstcossnnbjoyp",1
"httpstcostdwiyog",1
"httpstcostikhveco",1
"httpstcostpkuvc",1
"httpstcosulaiptw",1
"httpstcosumaucvrtj",1
"httpstcoswvjbht",1
"httpstcosxygyih",1
"httpstcosywvgtvix",1
"httpstcoszfjzfzm",1
"httpstcoszxnycari",1
"httpstcotaxnpdpm",1
"httpstcotbpspikbk",1
"httpstcotbrfpcqoj",1
"httpstcotbryngxjj",1
"httpstcotcdgisezv",1
"httpstcotdnzbqkmxu",1
"httpstcotetlbtcr",1
"httpstcotfgkpeua",1
"httpstcotgahltjep",1
"httpstcotgbcfkixgm",1
"httpstcothjgznhil",1
"httpstcothkxcni",1
"httpstcotioexu",1
"httpstcotleaguh",1
"httpstcotlynstnftv",1
"httpstcotmbruxyqn",1
"httpstcotmnjumcyy",1
"httpstcotnggjaitfi",1
"httpstcotnkxfvri",1
"httpstcotqipdatrmi",1
"httpstcotrjgdzcjf",1
"httpstcotrlkmpseg",1
"httpstcotrntdxz",1
"httpstcotrqncw",1
"httpstcotscoou",1
"httpstcotuajeh",1
"httpstcotwrkld",1
"httpstcotwsgribw",1
"httpstcotwzdce",1
"httpstcotxcnfhjfx",1
"httpstcotyqgacqb",1
"httpstcotyscwtktbl",1
"httpstcotzbewyubo",1
"httpstcotzidpyvq",1
"httpstcotzqmgknom",1
"httpstcouahcymyh",1
"httpstcouaksuzea",1
"httpstcoubdavfn",1
"httpstcouclsnsc",1
"httpstcoucsfiqjrth",1
"httpstcoudqsaul",1
"httpstcoufgrhgbq",1
"httpstcoufkjmwol",1
"httpstcoufwsrg",1
"httpstcougdhcyu",1
"httpstcougwokomf",1
"httpstcougxeeoana",1
"httpstcouhpqmmnif",1
"httpstcouhtqqboqb",1
"httpstcouhxuzwbnf",1
"httpstcouigxcaq",1
"httpstcouijulzlngp",1
"httpstcouizvnjy",1
"httpstcoujdrduqry",1
"httpstcouklpkpnmem",1
"httpstcouleuyolsg",1
"httpstcouliqtoyih",1
"httpstcounzuzvjxh",1
"httpstcouopynfh",1
"httpstcoupbeksllu",1
"httpstcouqfhjwkjbc",1
"httpstcouskijsgn",1
"httpstcousufymavp",1
"httpstcousyiipl",1
"httpstcoutabgmpg",1
"httpstcoutkzrtw",1
"httpstcoutrhezigg",1
"httpstcouuvcylehr",1
"httpstcouuzcsyylx",1
"httpstcouxpsbyqfv",1
"httpstcouynbhuuaza",1
"httpstcovbflhytl",1
"httpstcovdhsjjgo",1
"httpstcovdqwycaqtp",1
"httpstcovelgkgc",1
"httpstcovfxtznaon",1
"httpstcovgwcgfq",1
"httpstcoviieqjwndf",1
"httpstcovkjoywep",1
"httpstcovlijlklyj",1
"httpstcovlsuynbdbm",1
"httpstcovmpvmodx",1
"httpstcovmrbcvgx",1
"httpstcovnghshjh",1
"httpstcovnyawzeuc",1
"httpstcovpzckarudb",1
"httpstcovqxytsobxn",1
"httpstcovrkbaxnwhj",1
"httpstcovsfovkau",1
"httpstcovsiqxx",1
"httpstcovthdzlul",1
"httpstcovumwmbp",1
"httpstcovvfzngym",1
"httpstcovvxi",1
"httpstcovwlepnx",1
"httpstcowadgcdaiep",1
"httpstcowahkdlox",1
"httpstcowdoumsaz",1
"httpstcowdshbpuxb",1
"httpstcowfuqtabfq",1
"httpstcowhfydmku",1
"httpstcowhlweeam",1
"httpstcowhqvfth",1
"httpstcowiddv",1
"httpstcowidmmuswm",1
"httpstcowiwyypo",1
"httpstcowjthfpyg",1
"httpstcowludhmfzk",1
"httpstcowoqdgutt",1
"httpstcowpdwfqjd",1
"httpstcowqmzrkhb",1
"httpstcowqqqfjca",1
"httpstcowricvyus",1
"httpstcowurnwxnki",1
"httpstcowvcjgvptn",1
"httpstcowwectam",1
"httpstcowxtooscz",1
"httpstcowycslwnnh",1
"httpstcowyporuwf",1
"httpstcowyzeequvq",1
"httpstcowzlijd",1
"httpstcowzzllsyf",1
"httpstcoxbxbgthbd",1
"httpstcoxcedhsmz",1
"httpstcoxchowhavf",1
"httpstcoxcwfkhppz",1
"httpstcoxdpwtoj",1
"httpstcoxdtcgsnl",1
"httpstcoxdyogcojp",1
"httpstcoxefkhyrxqx",1
"httpstcoxexqxau",1
"httpstcoxffmqzgr",1
"httpstcoxflzbzyk",1
"httpstcoxghkubvfi",1
"httpstcoxgijtx",1
"httpstcoxgyahuxvt",1
"httpstcoxicgwykqm",1
"httpstcoxidlybjjn",1
"httpstcoxiriioy",1
"httpstcoxjmcykeu",1
"httpstcoxjtycskn",1
"httpstcoxklcmsfj",1
"httpstcoxklprswa",1
"httpstcoxltopdev",1
"httpstcoxmcaj",1
"httpstcoxmfoejopj",1
"httpstcoxmgdjqoah",1
"httpstcoxmlazegya",1
"httpstcoxnzfbrvh",1
"httpstcoxopknoaoub",1
"httpstcoxpnddyosat",1
"httpstcoxqoddlbts",1
"httpstcoxrbojkyx",1
"httpstcoxrpbrki",1
"httpstcoxsrclzgczi",1
"httpstcoxulaanuka",1
"httpstcoxumwzbiy",1
"httpstcoxuxfnrmc",1
"httpstcoxvfhewbkdn",1
"httpstcoxwjwbyi",1
"httpstcoxxzqhtblj",1
"httpstcoxybtagqb",1
"httpstcoxykodfk",1
"httpstcoxzuynwujw",1
"httpstcoxzvyvlcfi",1
"httpstcoxzwwnomdej",1
"httpstcoyabluhmj",1
"httpstcoyapljuqvf",1
"httpstcoybxwqipepx",1
"httpstcoydtrmpyma",1
"httpstcoyfdqhspob",1
"httpstcoygjkicvqo",1
"httpstcoyhnzcoehm",1
"httpstcoyhqcciordu",1
"httpstcoyinwumkwa",1
"httpstcoyivbjknp",1
"httpstcoyjrpdratcz",1
"httpstcoykcirqxzva",1
"httpstcoykvfxlve",1
"httpstcoylmfjvnsg",1
"httpstcoylmifzza",1
"httpstcoymjnucto",1
"httpstcoynvshczx",1
"httpstcoyocqvrzim",1
"httpstcoyoklqoow",1
"httpstcoyqrjbgla",1
"httpstcoyqyltvdlt",1
"httpstcoyrbacpmv",1
"httpstcoyrfvdki",1
"httpstcoyspsuarueq",1
"httpstcoytdneppig",1
"httpstcoyttquwimn",1
"httpstcoyugyhwiqi",1
"httpstcoyvqmgpfxef",1
"httpstcoywormqpf",1
"httpstcoywtqdwxbh",1
"httpstcoyzjbsylvt",1
"httpstcoyzzfndtk",1
"httpstcozasyuoqloa",1
"httpstcozdnqabj",1
"httpstcozewtbiqbq",1
"httpstcozgvugrqnca",1
"httpstcozhzuvtqrqt",1
"httpstcozkoghxiii",1
"httpstcozkrejdwrv",1
"httpstcozlpkzklm",1
"httpstcoznaeaij",1
"httpstcoznwcnp",1
"httpstcozokhunmrj",1
"httpstcozolrrcbxk",1
"httpstcozqteomamp",1
"httpstcozqvsakooy",1
"httpstcozqxmccwz",1
"httpstcozrsfdxxv",1
"httpstcozrxivexui",1
"httpstcozsoepoif",1
"httpstcozswaicjoh",1
"httpstcozsyuxuwtk",1
"httpstcozszhocxj",1
"httpstcoztvryuro",1
"httpstcozusmd",1
"httpstcozvtelxewx",1
"httpstcozwewbjfd",1
"httpstcozwxuyfri",1
"httpstcozxgjzpbjv",1
"httpstcozzehtwbgoj",1
"httpstcozzqtdamjh",1
"hug",1
"hughes",1
"humanity",1
"humanright",1
"hundr",1
"ian",1
"ident",1
"identification",1
"identifiedu",1
"ignit",1
"ikon",1
"impactedu",1
"impos",1
"includ",1
"indiana",1
"indic",1
"industry",1
"influx",1
"initi",1
"inscrib",1
"inse",1
"instagram",1
"instal",1
"intern",1
"internationalu",1
"interview",1
"introduc",1
"invalides",1
"invalidesu",1
"investigation",1
"involvedu",1
"ipad",1
"isil",1
"isilinspir",1
"islamud",1
"ismail",1
"isolated",1
"issue",1
"issuedu",1
"italia",1
"itinerari",1
"itinerrancegalleryu",1
"january",1
"jeanyv",1
"jeremi",1
"jess",1
"jets",1
"jewish",1
"jews",1
"jihad",1
"jihadi",1
"jihadistu",1
"joinu",1
"jones",1
"joss",1
"jour",1
"justiceu",1
"justu",1
"juventus",1
"kalashnikov",1
"keith",1
"kelli",1
"kellyu",1
"killedu",1
"king",1
"knee",1
"known",1
"labour",1
"lag",1
"lagni",1
"lagnysurmarn",1
"landmarku",1
"landoffreedom",1
"larryloverfr",1
"lastu",1
"lau",1
"laud",1
"lawenforc",1
"laws",1
"lay",1
"lazez",1
"leadersu",1
"leaderu",1
"leagu",1
"leak",1
"least",1
"leav",1
"leavesu",1
"lebanes",1
"lebataclan",1
"lecarillonu",1
"legrandrdv",1
"lesu",1
"liber",1
"liberti",1
"libertue",1
"libya",1
"libyau",1
"life",1
"light",1
"ligu",1
"limit",1
"line",1
"lion",1
"lisi",1
"littl",1
"liverpool",1
"load",1
"localu",1
"locationsu",1
"lockdown",1
"locked",1
"long",1
"lovesyria",1
"lower",1
"madeu",1
"magazin",1
"magazine",1
"mailbox",1
"main",1
"mairi",1
"manag",1
"mandala",1
"manhunt",1
"map",1
"marketu",1
"markit",1
"maskedu",1
"materi",1
"matt",1
"matter",1
"may",1
"mayu",1
"mcjunkin",1
"meant",1
"meanwhile",1
"measur",1
"mediterranean",1
"memoriesu",1
"message",1
"messagesu",1
"met",1
"michaelu",1
"michelinu",1
"midfield",1
"migrantsu",1
"migrat",1
"militaryu",1
"millionu",1
"ministri",1
"misguid",1
"mission",1
"missu",1
"mln",1
"mobil",1
"mobileu",1
"mohamedu",1
"molenbeeku",1
"molin",1
"moment",1
"money",1
"monks",1
"monpa",1
"months",1
"monthsu",1
"monthu",1
"monumentu",1
"mood",1
"moroccanu",1
"morocco",1
"morton",1
"mosken",1
"mostefai",1
"mostlyu",1
"mother",1
"mourns",1
"moveabl",1
"moveu",1
"msmarylou",1
"msnbc",1
"multiculturalism",1
"mum",1
"mundan",1
"muslims",1
"napalm",1
"national",1
"nato",1
"nearlyu",1
"neck",1
"necku",1
"negat",1
"neofascist",1
"nervous",1
"never",1
"newhouse",1
"newspap",1
"newsu",1
"next",1
"night",1
"ninth",1
"nmalaboeuf",1
"normal",1
"normally",1
"northernu",1
"november",1
"novu",1
"nprsu",1
"numbersu",1
"nuovo",1
"obamau",1
"oberreit",1
"obeyu",1
"observ",1
"officials",1
"okay",1
"omar",1
"oneu",1
"onli",1
"onstage",1
"onto",1
"operau",1
"opinion",1
"opposit",1
"option",1
"origin",1
"orphan",1
"ostrac",1
"oth",1
"outdoors",1
"outpour",1
"outrag",1
"overreach",1
"overshadow",1
"owner",1
"owners",1
"pacaud",1
"paceu",1
"pact",1
"paidu",1
"pair",1
"palac",1
"panel",1
"parcdesprinc",1
"parent",1
"parisattacksmemori",1
"parisphoto",1
"partial",1
"partnership",1
"passeng",1
"past",1
"patagoni",1
"pattern",1
"paus",1
"pavement",1
"peaceforpari",1
"penu",1
"people",1
"peril",1
"perpetr",1
"person",1
"personalis",1
"personnelu",1
"petit",1
"photographerlif",1
"photographi",1
"photographyu",1
"photos",1
"photou",1
"pick",1
"picparis",1
"pictureu",1
"piec",1
"pit",1
"plain",1
"plane",1
"plural",1
"pmi",1
"pmu",1
"point",1
"poison",1
"policemen",1
"policemenu",1
"policy",1
"politicalu",1
"politician",1
"pollsu",1
"portrait",1
"poster",1
"prayer",1
"pregnant",1
"prepar",1
"pres",1
"present",1
"presidenti",1
"pressur",1
"presumedu",1
"pretti",1
"primeu",1
"printempssu",1
"prioriti",1
"privat",1
"processions",1
"propaganda",1
"prospect",1
"proud",1
"provid",1
"publicu",1
"puppyu",1
"pursu",1
"quarter",1
"quitteu",1
"radicalis",1
"radiou",1
"raidsu",1
"raidu",1
"ralli",1
"ramp",1
"rampage",1
"raphaell",1
"ratheru",1
"readi",1
"realis",1
"recal",1
"recon",1
"recruiter",1
"red",1
"reeling",1
"reform",1
"refund",1
"refus",1
"regain",1
"regret",1
"relatedu",1
"releasedu",1
"remainsu",1
"remembr",1
"repeat",1
"reportedlyu",1
"reportedu",1
"reports",1
"republicain",1
"requir",1
"resid",1
"respond",1
"respondedu",1
"responseu",1
"restaur",1
"resurg",1
"retail",1
"revers",1
"revolut",1
"ride",1
"rightu",1
"rightw",1
"rippedu",1
"river",1
"roar",1
"rock",1
"romain",1
"romainambro",1
"rout",1
"ruesistance",1
"rule",1
"russianu",1
"safer",1
"sail",1
"saint",1
"saintsulpic",1
"saintsulpice",1
"saintu",1
"salahu",1
"sale",1
"salim",1
"salut",1
"sang",1
"sangu",1
"scar",1
"scare",1
"schedul",1
"schengen",1
"schools",1
"schoolteach",1
"score",1
"scotland",1
"scott",1
"scottish",1
"scout",1
"scrambl",1
"seal",1
"second",1
"secondu",1
"secretari",1
"securityconsci",1
"sein",1
"seineriv",1
"select",1
"sell",1
"senateu",1
"sent",1
"seoul",1
"separ",1
"sergeantu",1
"series",1
"server",1
"serviceu",1
"shadow",1
"shaken",1
"sharing",1
"shave",1
"shelter",1
"shepardfarey",1
"shepherd",1
"shield",1
"shirt",1
"shocku",1
"shooter",1
"shooting",1
"shopper",1
"short",1
"shortlived",1
"shortterm",1
"shout",1
"showsu",1
"sick",1
"sida",1
"siege",1
"siegeu",1
"sight",1
"signific",1
"silva",1
"sing",1
"singeru",1
"singl",1
"sister",1
"sitsu",1
"six",1
"sixu",1
"sky",1
"slain",1
"slam",1
"slash",1
"slaughter",1
"slip",1
"slower",1
"slumpedu",1
"smalltown",1
"smallu",1
"sms",1
"smug",1
"socialist",1
"sofitellefaubourg",1
"sofitelparisfbgu",1
"sofitelu",1
"softwar",1
"soldiersu",1
"solidarity",1
"solo",1
"somber",1
"sondag",1
"soufianeu",1
"sound",1
"soundgarden",1
"sources",1
"spain",1
"speaker",1
"speakingu",1
"specialist",1
"speech",1
"spencer",1
"spend",1
"spiritu",1
"spoke",1
"spokeswoman",1
"sprayforpari",1
"staff",1
"standing",1
"stark",1
"stateinspir",1
"stay",1
"steam",1
"stephan",1
"stone",1
"stoppedu",1
"stories",1
"stratsbourg",1
"street",1
"streetart",1
"streetartist",1
"streetcaf",1
"strikes",1
"strikesu",1
"string",1
"strongu",1
"struggl",1
"student",1
"studiouslyu",1
"suburbu",1
"succumb",1
"suggestsu",1
"sui",1
"sulpic",1
"summari",1
"summit",1
"sunarryla",1
"suppli",1
"surpris",1
"surveil",1
"surveyu",1
"suspected",1
"suspectsu",1
"suspens",1
"suspici",1
"sweep",1
"swipe",1
"tabl",1
"tabloid",1
"tale",1
"tap",1
"tax",1
"tear",1
"ten",1
"tenseu",1
"terassecafedefr",1
"terrorists",1
"test",1
"texas",1
"thanxx",1
"theater",1
"themesu",1
"thiago",1
"think",1
"thisisnotthealbum",1
"thompson",1
"thought",1
"threemonth",1
"threestar",1
"throwback",1
"tie",1
"tighten",1
"tip",1
"todayu",1
"toldu",1
"toll",1
"tooku",1
"tool",1
"total",1
"toureiffelparisu",1
"tourist",1
"tourists",1
"tournament",1
"touru",1
"toward",1
"toweru",1
"traffic",1
"tragedi",1
"tragic",1
"transcript",1
"tray",1
"trepidationu",1
"trial",1
"trim",1
"trip",1
"triumph",1
"triumphant",1
"troy",1
"truce",1
"true",1
"tueluefoot",1
"tuesdayu",1
"tumbl",1
"tunisattack",1
"turnbul",1
"turnbullu",1
"twice",1
"type",1
"uabillion",1
"uac",1
"uacmn",1
"ubattack",1
"ubfrench",1
"ucfranc",1
"ucfrench",1
"uci",1
"ucto",1
"uctonight",1
"uddude",1
"uddudea",1
"uefa",1
"uer",1
"ufor",1
"ufr",1
"ufrenchu",1
"undecided",1
"understanding",1
"unear",1
"unitu",1
"univers",1
"unmov",1
"unnam",1
"unnoticed",1
"unpopular",1
"unwit",1
"upi",1
"upresid",1
"uprosecutor",1
"urbanart",1
"usa",1
"usu",1
"uth",1
"vacat",1
"vacationu",1
"vast",1
"venu",1
"verifi",1
"verifyu",1
"vest",1
"vid",1
"vieapari",1
"view",1
"vigil",1
"ville",1
"violent",1
"visa",1
"visitor",1
"vive",1
"vladimir",1
"vocalist",1
"voic",1
"volunt",1
"vows",1
"wage",1
"walk",1
"walku",1
"warmu",1
"warns",1
"watch",1
"wave",1
"weatheru",1
"weekend",1
"weeku",1
"wheelchairbound",1
"whereabout",1
"whi",1
"widelyu",1
"willu",1
"winu",1
"wissembourg",1
"wit",1
"withinu",1
"withstand",1
"wore",1
"worldaidsday",1
"worldsaidsday",1
"worship",1
"worstev",1
"wound",1
"writtenu",1
"wwii",1
"xxveggiexx",1
"yard",1
"yesterday",1
"yet",1
"yield",1
"york",1
"yougov",1
"youngest",1
"youngu",1
